transaction_id,sender_id,receiver_id,amount,timestamp
TXN00001,FRAUD_A1,FRAUD_B1,5000,2026-01-01 10:00:00
TXN00002,FRAUD_B1,FRAUD_C1,4800,2026-01-01 11:00:00
TXN00003,FRAUD_C1,FRAUD_A1,4600,2026-01-01 12:00:00
TXN00004,FRAUD_A1,FRAUD_B1,3000,2026-01-01 15:00:00
TXN00005,FRAUD_B1,FRAUD_C1,2900,2026-01-01 16:00:00
TXN00006,FRAUD_A2,FRAUD_B2,5000,2026-01-01 20:00:00
TXN00007,FRAUD_B2,FRAUD_C2,4800,2026-01-01 21:00:00
TXN00008,FRAUD_C2,FRAUD_A2,4600,2026-01-01 22:00:00
TXN00009,FRAUD_A2,FRAUD_B2,3000,2026-01-02 01:00:00
TXN00010,FRAUD_B2,FRAUD_C2,2900,2026-01-02 02:00:00
TXN00011,FRAUD_A3,FRAUD_B3,5000,2026-01-02 06:00:00
TXN00012,FRAUD_B3,FRAUD_C3,4800,2026-01-02 07:00:00
TXN00013,FRAUD_C3,FRAUD_A3,4600,2026-01-02 08:00:00
TXN00014,FRAUD_A3,FRAUD_B3,3000,2026-01-02 11:00:00
TXN00015,FRAUD_B3,FRAUD_C3,2900,2026-01-02 12:00:00
TXN00016,FRAUD_A4,FRAUD_B4,5000,2026-01-02 16:00:00
TXN00017,FRAUD_B4,FRAUD_C4,4800,2026-01-02 17:00:00
TXN00018,FRAUD_C4,FRAUD_A4,4600,2026-01-02 18:00:00
TXN00019,FRAUD_A4,FRAUD_B4,3000,2026-01-02 21:00:00
TXN00020,FRAUD_B4,FRAUD_C4,2900,2026-01-02 22:00:00
TXN00021,FRAUD_A5,FRAUD_B5,5000,2026-01-03 02:00:00
TXN00022,FRAUD_B5,FRAUD_C5,4800,2026-01-03 03:00:00
TXN00023,FRAUD_C5,FRAUD_A5,4600,2026-01-03 04:00:00
TXN00024,FRAUD_A5,FRAUD_B5,3000,2026-01-03 07:00:00
TXN00025,FRAUD_B5,FRAUD_C5,2900,2026-01-03 08:00:00
TXN00026,FRAUD_A6,FRAUD_B6,5000,2026-01-03 12:00:00
TXN00027,FRAUD_B6,FRAUD_C6,4800,2026-01-03 13:00:00
TXN00028,FRAUD_C6,FRAUD_A6,4600,2026-01-03 14:00:00
TXN00029,FRAUD_A6,FRAUD_B6,3000,2026-01-03 17:00:00
TXN00030,FRAUD_B6,FRAUD_C6,2900,2026-01-03 18:00:00
TXN00031,FRAUD_A7,FRAUD_B7,5000,2026-01-03 22:00:00
TXN00032,FRAUD_B7,FRAUD_C7,4800,2026-01-03 23:00:00
TXN00033,FRAUD_C7,FRAUD_A7,4600,2026-01-04 00:00:00
TXN00034,FRAUD_A7,FRAUD_B7,3000,2026-01-04 03:00:00
TXN00035,FRAUD_B7,FRAUD_C7,2900,2026-01-04 04:00:00
TXN00036,FRAUD_A8,FRAUD_B8,5000,2026-01-04 08:00:00
TXN00037,FRAUD_B8,FRAUD_C8,4800,2026-01-04 09:00:00
TXN00038,FRAUD_C8,FRAUD_A8,4600,2026-01-04 10:00:00
TXN00039,FRAUD_A8,FRAUD_B8,3000,2026-01-04 13:00:00
TXN00040,FRAUD_B8,FRAUD_C8,2900,2026-01-04 14:00:00
TXN00041,FRAUD_A9,FRAUD_B9,5000,2026-01-04 18:00:00
TXN00042,FRAUD_B9,FRAUD_C9,4800,2026-01-04 19:00:00
TXN00043,FRAUD_C9,FRAUD_A9,4600,2026-01-04 20:00:00
TXN00044,FRAUD_A9,FRAUD_B9,3000,2026-01-04 23:00:00
TXN00045,FRAUD_B9,FRAUD_C9,2900,2026-01-05 00:00:00
TXN00046,FRAUD_A10,FRAUD_B10,5000,2026-01-05 04:00:00
TXN00047,FRAUD_B10,FRAUD_C10,4800,2026-01-05 05:00:00
TXN00048,FRAUD_C10,FRAUD_A10,4600,2026-01-05 06:00:00
TXN00049,FRAUD_A10,FRAUD_B10,3000,2026-01-05 09:00:00
TXN00050,FRAUD_B10,FRAUD_C10,2900,2026-01-05 10:00:00
TXN00051,FRAUD_A11,FRAUD_B11,5000,2026-01-05 14:00:00
TXN00052,FRAUD_B11,FRAUD_C11,4800,2026-01-05 15:00:00
TXN00053,FRAUD_C11,FRAUD_A11,4600,2026-01-05 16:00:00
TXN00054,FRAUD_A11,FRAUD_B11,3000,2026-01-05 19:00:00
TXN00055,FRAUD_B11,FRAUD_C11,2900,2026-01-05 20:00:00
TXN00056,FRAUD_A12,FRAUD_B12,5000,2026-01-06 00:00:00
TXN00057,FRAUD_B12,FRAUD_C12,4800,2026-01-06 01:00:00
TXN00058,FRAUD_C12,FRAUD_A12,4600,2026-01-06 02:00:00
TXN00059,FRAUD_A12,FRAUD_B12,3000,2026-01-06 05:00:00
TXN00060,FRAUD_B12,FRAUD_C12,2900,2026-01-06 06:00:00
TXN00061,FRAUD_A13,FRAUD_B13,5000,2026-01-06 10:00:00
TXN00062,FRAUD_B13,FRAUD_C13,4800,2026-01-06 11:00:00
TXN00063,FRAUD_C13,FRAUD_A13,4600,2026-01-06 12:00:00
TXN00064,FRAUD_A13,FRAUD_B13,3000,2026-01-06 15:00:00
TXN00065,FRAUD_B13,FRAUD_C13,2900,2026-01-06 16:00:00
TXN00066,FRAUD_A14,FRAUD_B14,5000,2026-01-06 20:00:00
TXN00067,FRAUD_B14,FRAUD_C14,4800,2026-01-06 21:00:00
TXN00068,FRAUD_C14,FRAUD_A14,4600,2026-01-06 22:00:00
TXN00069,FRAUD_A14,FRAUD_B14,3000,2026-01-07 01:00:00
TXN00070,FRAUD_B14,FRAUD_C14,2900,2026-01-07 02:00:00
TXN00071,FRAUD_A15,FRAUD_B15,5000,2026-01-07 06:00:00
TXN00072,FRAUD_B15,FRAUD_C15,4800,2026-01-07 07:00:00
TXN00073,FRAUD_C15,FRAUD_A15,4600,2026-01-07 08:00:00
TXN00074,FRAUD_A15,FRAUD_B15,3000,2026-01-07 11:00:00
TXN00075,FRAUD_B15,FRAUD_C15,2900,2026-01-07 12:00:00
TXN00076,FRAUD_A16,FRAUD_B16,5000,2026-01-07 16:00:00
TXN00077,FRAUD_B16,FRAUD_C16,4800,2026-01-07 17:00:00
TXN00078,FRAUD_C16,FRAUD_A16,4600,2026-01-07 18:00:00
TXN00079,FRAUD_A16,FRAUD_B16,3000,2026-01-07 21:00:00
TXN00080,FRAUD_B16,FRAUD_C16,2900,2026-01-07 22:00:00
TXN00081,FRAUD_A17,FRAUD_B17,5000,2026-01-08 02:00:00
TXN00082,FRAUD_B17,FRAUD_C17,4800,2026-01-08 03:00:00
TXN00083,FRAUD_C17,FRAUD_A17,4600,2026-01-08 04:00:00
TXN00084,FRAUD_A17,FRAUD_B17,3000,2026-01-08 07:00:00
TXN00085,FRAUD_B17,FRAUD_C17,2900,2026-01-08 08:00:00
TXN00086,FRAUD_A18,FRAUD_B18,5000,2026-01-08 12:00:00
TXN00087,FRAUD_B18,FRAUD_C18,4800,2026-01-08 13:00:00
TXN00088,FRAUD_C18,FRAUD_A18,4600,2026-01-08 14:00:00
TXN00089,FRAUD_A18,FRAUD_B18,3000,2026-01-08 17:00:00
TXN00090,FRAUD_B18,FRAUD_C18,2900,2026-01-08 18:00:00
TXN00091,FRAUD_A19,FRAUD_B19,5000,2026-01-08 22:00:00
TXN00092,FRAUD_B19,FRAUD_C19,4800,2026-01-08 23:00:00
TXN00093,FRAUD_C19,FRAUD_A19,4600,2026-01-09 00:00:00
TXN00094,FRAUD_A19,FRAUD_B19,3000,2026-01-09 03:00:00
TXN00095,FRAUD_B19,FRAUD_C19,2900,2026-01-09 04:00:00
TXN00096,FRAUD_A20,FRAUD_B20,5000,2026-01-09 08:00:00
TXN00097,FRAUD_B20,FRAUD_C20,4800,2026-01-09 09:00:00
TXN00098,FRAUD_C20,FRAUD_A20,4600,2026-01-09 10:00:00
TXN00099,FRAUD_A20,FRAUD_B20,3000,2026-01-09 13:00:00
TXN00100,FRAUD_B20,FRAUD_C20,2900,2026-01-09 14:00:00
TXN00101,RING4_A1,RING4_B1,8000,2026-01-14 00:00:00
TXN00102,RING4_B1,RING4_C1,7800,2026-01-14 02:00:00
TXN00103,RING4_C1,RING4_D1,7600,2026-01-14 04:00:00
TXN00104,RING4_D1,RING4_A1,7400,2026-01-14 06:00:00
TXN00105,RING4_A2,RING4_B2,8000,2026-01-14 12:00:00
TXN00106,RING4_B2,RING4_C2,7800,2026-01-14 14:00:00
TXN00107,RING4_C2,RING4_D2,7600,2026-01-14 16:00:00
TXN00108,RING4_D2,RING4_A2,7400,2026-01-14 18:00:00
TXN00109,RING4_A3,RING4_B3,8000,2026-01-15 00:00:00
TXN00110,RING4_B3,RING4_C3,7800,2026-01-15 02:00:00
TXN00111,RING4_C3,RING4_D3,7600,2026-01-15 04:00:00
TXN00112,RING4_D3,RING4_A3,7400,2026-01-15 06:00:00
TXN00113,RING4_A4,RING4_B4,8000,2026-01-15 12:00:00
TXN00114,RING4_B4,RING4_C4,7800,2026-01-15 14:00:00
TXN00115,RING4_C4,RING4_D4,7600,2026-01-15 16:00:00
TXN00116,RING4_D4,RING4_A4,7400,2026-01-15 18:00:00
TXN00117,RING4_A5,RING4_B5,8000,2026-01-16 00:00:00
TXN00118,RING4_B5,RING4_C5,7800,2026-01-16 02:00:00
TXN00119,RING4_C5,RING4_D5,7600,2026-01-16 04:00:00
TXN00120,RING4_D5,RING4_A5,7400,2026-01-16 06:00:00
TXN00121,RING4_A6,RING4_B6,8000,2026-01-16 12:00:00
TXN00122,RING4_B6,RING4_C6,7800,2026-01-16 14:00:00
TXN00123,RING4_C6,RING4_D6,7600,2026-01-16 16:00:00
TXN00124,RING4_D6,RING4_A6,7400,2026-01-16 18:00:00
TXN00125,RING4_A7,RING4_B7,8000,2026-01-17 00:00:00
TXN00126,RING4_B7,RING4_C7,7800,2026-01-17 02:00:00
TXN00127,RING4_C7,RING4_D7,7600,2026-01-17 04:00:00
TXN00128,RING4_D7,RING4_A7,7400,2026-01-17 06:00:00
TXN00129,RING4_A8,RING4_B8,8000,2026-01-17 12:00:00
TXN00130,RING4_B8,RING4_C8,7800,2026-01-17 14:00:00
TXN00131,RING4_C8,RING4_D8,7600,2026-01-17 16:00:00
TXN00132,RING4_D8,RING4_A8,7400,2026-01-17 18:00:00
TXN00133,RING4_A9,RING4_B9,8000,2026-01-18 00:00:00
TXN00134,RING4_B9,RING4_C9,7800,2026-01-18 02:00:00
TXN00135,RING4_C9,RING4_D9,7600,2026-01-18 04:00:00
TXN00136,RING4_D9,RING4_A9,7400,2026-01-18 06:00:00
TXN00137,RING4_A10,RING4_B10,8000,2026-01-18 12:00:00
TXN00138,RING4_B10,RING4_C10,7800,2026-01-18 14:00:00
TXN00139,RING4_C10,RING4_D10,7600,2026-01-18 16:00:00
TXN00140,RING4_D10,RING4_A10,7400,2026-01-18 18:00:00
TXN00141,RING4_A11,RING4_B11,8000,2026-01-19 00:00:00
TXN00142,RING4_B11,RING4_C11,7800,2026-01-19 02:00:00
TXN00143,RING4_C11,RING4_D11,7600,2026-01-19 04:00:00
TXN00144,RING4_D11,RING4_A11,7400,2026-01-19 06:00:00
TXN00145,RING4_A12,RING4_B12,8000,2026-01-19 12:00:00
TXN00146,RING4_B12,RING4_C12,7800,2026-01-19 14:00:00
TXN00147,RING4_C12,RING4_D12,7600,2026-01-19 16:00:00
TXN00148,RING4_D12,RING4_A12,7400,2026-01-19 18:00:00
TXN00149,RING4_A13,RING4_B13,8000,2026-01-20 00:00:00
TXN00150,RING4_B13,RING4_C13,7800,2026-01-20 02:00:00
TXN00151,RING4_C13,RING4_D13,7600,2026-01-20 04:00:00
TXN00152,RING4_D13,RING4_A13,7400,2026-01-20 06:00:00
TXN00153,RING4_A14,RING4_B14,8000,2026-01-20 12:00:00
TXN00154,RING4_B14,RING4_C14,7800,2026-01-20 14:00:00
TXN00155,RING4_C14,RING4_D14,7600,2026-01-20 16:00:00
TXN00156,RING4_D14,RING4_A14,7400,2026-01-20 18:00:00
TXN00157,RING4_A15,RING4_B15,8000,2026-01-21 00:00:00
TXN00158,RING4_B15,RING4_C15,7800,2026-01-21 02:00:00
TXN00159,RING4_C15,RING4_D15,7600,2026-01-21 04:00:00
TXN00160,RING4_D15,RING4_A15,7400,2026-01-21 06:00:00
TXN00161,RING5_A1,RING5_B1,3000,2026-01-26 15:00:00
TXN00162,RING5_B1,RING5_C1,2900,2026-01-26 18:00:00
TXN00163,RING5_C1,RING5_D1,2800,2026-01-26 21:00:00
TXN00164,RING5_D1,RING5_E1,2700,2026-01-27 00:00:00
TXN00165,RING5_E1,RING5_A1,2600,2026-01-27 03:00:00
TXN00166,RING5_A2,RING5_B2,3000,2026-01-27 06:00:00
TXN00167,RING5_B2,RING5_C2,2900,2026-01-27 09:00:00
TXN00168,RING5_C2,RING5_D2,2800,2026-01-27 12:00:00
TXN00169,RING5_D2,RING5_E2,2700,2026-01-27 15:00:00
TXN00170,RING5_E2,RING5_A2,2600,2026-01-27 18:00:00
TXN00171,RING5_A3,RING5_B3,3000,2026-01-27 21:00:00
TXN00172,RING5_B3,RING5_C3,2900,2026-01-28 00:00:00
TXN00173,RING5_C3,RING5_D3,2800,2026-01-28 03:00:00
TXN00174,RING5_D3,RING5_E3,2700,2026-01-28 06:00:00
TXN00175,RING5_E3,RING5_A3,2600,2026-01-28 09:00:00
TXN00176,RING5_A4,RING5_B4,3000,2026-01-28 12:00:00
TXN00177,RING5_B4,RING5_C4,2900,2026-01-28 15:00:00
TXN00178,RING5_C4,RING5_D4,2800,2026-01-28 18:00:00
TXN00179,RING5_D4,RING5_E4,2700,2026-01-28 21:00:00
TXN00180,RING5_E4,RING5_A4,2600,2026-01-29 00:00:00
TXN00181,RING5_A5,RING5_B5,3000,2026-01-29 03:00:00
TXN00182,RING5_B5,RING5_C5,2900,2026-01-29 06:00:00
TXN00183,RING5_C5,RING5_D5,2800,2026-01-29 09:00:00
TXN00184,RING5_D5,RING5_E5,2700,2026-01-29 12:00:00
TXN00185,RING5_E5,RING5_A5,2600,2026-01-29 15:00:00
TXN00186,RING5_A6,RING5_B6,3000,2026-01-29 18:00:00
TXN00187,RING5_B6,RING5_C6,2900,2026-01-29 21:00:00
TXN00188,RING5_C6,RING5_D6,2800,2026-01-30 00:00:00
TXN00189,RING5_D6,RING5_E6,2700,2026-01-30 03:00:00
TXN00190,RING5_E6,RING5_A6,2600,2026-01-30 06:00:00
TXN00191,RING5_A7,RING5_B7,3000,2026-01-30 09:00:00
TXN00192,RING5_B7,RING5_C7,2900,2026-01-30 12:00:00
TXN00193,RING5_C7,RING5_D7,2800,2026-01-30 15:00:00
TXN00194,RING5_D7,RING5_E7,2700,2026-01-30 18:00:00
TXN00195,RING5_E7,RING5_A7,2600,2026-01-30 21:00:00
TXN00196,RING5_A8,RING5_B8,3000,2026-01-31 00:00:00
TXN00197,RING5_B8,RING5_C8,2900,2026-01-31 03:00:00
TXN00198,RING5_C8,RING5_D8,2800,2026-01-31 06:00:00
TXN00199,RING5_D8,RING5_E8,2700,2026-01-31 09:00:00
TXN00200,RING5_E8,RING5_A8,2600,2026-01-31 12:00:00
TXN00201,RING5_A9,RING5_B9,3000,2026-01-31 15:00:00
TXN00202,RING5_B9,RING5_C9,2900,2026-01-31 18:00:00
TXN00203,RING5_C9,RING5_D9,2800,2026-01-31 21:00:00
TXN00204,RING5_D9,RING5_E9,2700,2026-02-01 00:00:00
TXN00205,RING5_E9,RING5_A9,2600,2026-02-01 03:00:00
TXN00206,RING5_A10,RING5_B10,3000,2026-02-01 06:00:00
TXN00207,RING5_B10,RING5_C10,2900,2026-02-01 09:00:00
TXN00208,RING5_C10,RING5_D10,2800,2026-02-01 12:00:00
TXN00209,RING5_D10,RING5_E10,2700,2026-02-01 15:00:00
TXN00210,RING5_E10,RING5_A10,2600,2026-02-01 18:00:00
TXN00211,SMURF_IN1_1,SMURF_AGG1,992,2026-02-03 13:30:00
TXN00212,SMURF_IN1_2,SMURF_AGG1,1047,2026-02-03 14:00:00
TXN00213,SMURF_IN1_3,SMURF_AGG1,1086,2026-02-03 14:30:00
TXN00214,SMURF_IN1_4,SMURF_AGG1,1014,2026-02-03 15:00:00
TXN00215,SMURF_IN1_5,SMURF_AGG1,905,2026-02-03 15:30:00
TXN00216,SMURF_IN1_6,SMURF_AGG1,1062,2026-02-03 16:00:00
TXN00217,SMURF_IN1_7,SMURF_AGG1,1004,2026-02-03 16:30:00
TXN00218,SMURF_IN1_8,SMURF_AGG1,1077,2026-02-03 17:00:00
TXN00219,SMURF_IN1_9,SMURF_AGG1,1049,2026-02-03 17:30:00
TXN00220,SMURF_IN1_10,SMURF_AGG1,903,2026-02-03 18:00:00
TXN00221,SMURF_IN1_11,SMURF_AGG1,1036,2026-02-03 18:30:00
TXN00222,SMURF_IN1_12,SMURF_AGG1,1016,2026-02-03 19:00:00
TXN00223,SMURF_AGG1,SMURF_OUT1,10000,2026-02-03 23:00:00
TXN00224,SMURF_IN2_1,SMURF_AGG2,993,2026-02-03 18:30:00
TXN00225,SMURF_IN2_2,SMURF_AGG2,976,2026-02-03 19:00:00
TXN00226,SMURF_IN2_3,SMURF_AGG2,946,2026-02-03 19:30:00
TXN00227,SMURF_IN2_4,SMURF_AGG2,1052,2026-02-03 20:00:00
TXN00228,SMURF_IN2_5,SMURF_AGG2,1060,2026-02-03 20:30:00
TXN00229,SMURF_IN2_6,SMURF_AGG2,906,2026-02-03 21:00:00
TXN00230,SMURF_IN2_7,SMURF_AGG2,1024,2026-02-03 21:30:00
TXN00231,SMURF_IN2_8,SMURF_AGG2,915,2026-02-03 22:00:00
TXN00232,SMURF_IN2_9,SMURF_AGG2,1025,2026-02-03 22:30:00
TXN00233,SMURF_IN2_10,SMURF_AGG2,1081,2026-02-03 23:00:00
TXN00234,SMURF_IN2_11,SMURF_AGG2,979,2026-02-03 23:30:00
TXN00235,SMURF_IN2_12,SMURF_AGG2,995,2026-02-04 00:00:00
TXN00236,SMURF_AGG2,SMURF_OUT2,10000,2026-02-04 04:00:00
TXN00237,SMURF_IN3_1,SMURF_AGG3,928,2026-02-03 23:30:00
TXN00238,SMURF_IN3_2,SMURF_AGG3,1011,2026-02-04 00:00:00
TXN00239,SMURF_IN3_3,SMURF_AGG3,962,2026-02-04 00:30:00
TXN00240,SMURF_IN3_4,SMURF_AGG3,1056,2026-02-04 01:00:00
TXN00241,SMURF_IN3_5,SMURF_AGG3,999,2026-02-04 01:30:00
TXN00242,SMURF_IN3_6,SMURF_AGG3,1061,2026-02-04 02:00:00
TXN00243,SMURF_IN3_7,SMURF_AGG3,1041,2026-02-04 02:30:00
TXN00244,SMURF_IN3_8,SMURF_AGG3,1021,2026-02-04 03:00:00
TXN00245,SMURF_IN3_9,SMURF_AGG3,1004,2026-02-04 03:30:00
TXN00246,SMURF_IN3_10,SMURF_AGG3,1068,2026-02-04 04:00:00
TXN00247,SMURF_IN3_11,SMURF_AGG3,1042,2026-02-04 04:30:00
TXN00248,SMURF_IN3_12,SMURF_AGG3,1036,2026-02-04 05:00:00
TXN00249,SMURF_AGG3,SMURF_OUT3,10000,2026-02-04 09:00:00
TXN00250,SMURF_IN4_1,SMURF_AGG4,1044,2026-02-04 04:30:00
TXN00251,SMURF_IN4_2,SMURF_AGG4,967,2026-02-04 05:00:00
TXN00252,SMURF_IN4_3,SMURF_AGG4,1056,2026-02-04 05:30:00
TXN00253,SMURF_IN4_4,SMURF_AGG4,1067,2026-02-04 06:00:00
TXN00254,SMURF_IN4_5,SMURF_AGG4,1026,2026-02-04 06:30:00
TXN00255,SMURF_IN4_6,SMURF_AGG4,949,2026-02-04 07:00:00
TXN00256,SMURF_IN4_7,SMURF_AGG4,924,2026-02-04 07:30:00
TXN00257,SMURF_IN4_8,SMURF_AGG4,994,2026-02-04 08:00:00
TXN00258,SMURF_IN4_9,SMURF_AGG4,997,2026-02-04 08:30:00
TXN00259,SMURF_IN4_10,SMURF_AGG4,908,2026-02-04 09:00:00
TXN00260,SMURF_IN4_11,SMURF_AGG4,1095,2026-02-04 09:30:00
TXN00261,SMURF_IN4_12,SMURF_AGG4,954,2026-02-04 10:00:00
TXN00262,SMURF_AGG4,SMURF_OUT4,10000,2026-02-04 14:00:00
TXN00263,SMURF_IN5_1,SMURF_AGG5,1006,2026-02-04 09:30:00
TXN00264,SMURF_IN5_2,SMURF_AGG5,937,2026-02-04 10:00:00
TXN00265,SMURF_IN5_3,SMURF_AGG5,991,2026-02-04 10:30:00
TXN00266,SMURF_IN5_4,SMURF_AGG5,1087,2026-02-04 11:00:00
TXN00267,SMURF_IN5_5,SMURF_AGG5,926,2026-02-04 11:30:00
TXN00268,SMURF_IN5_6,SMURF_AGG5,1004,2026-02-04 12:00:00
TXN00269,SMURF_IN5_7,SMURF_AGG5,967,2026-02-04 12:30:00
TXN00270,SMURF_IN5_8,SMURF_AGG5,1040,2026-02-04 13:00:00
TXN00271,SMURF_IN5_9,SMURF_AGG5,1011,2026-02-04 13:30:00
TXN00272,SMURF_IN5_10,SMURF_AGG5,924,2026-02-04 14:00:00
TXN00273,SMURF_IN5_11,SMURF_AGG5,1028,2026-02-04 14:30:00
TXN00274,SMURF_IN5_12,SMURF_AGG5,1070,2026-02-04 15:00:00
TXN00275,SMURF_AGG5,SMURF_OUT5,10000,2026-02-04 19:00:00
TXN00276,SMURF_IN6_1,SMURF_AGG6,1049,2026-02-04 14:30:00
TXN00277,SMURF_IN6_2,SMURF_AGG6,1029,2026-02-04 15:00:00
TXN00278,SMURF_IN6_3,SMURF_AGG6,940,2026-02-04 15:30:00
TXN00279,SMURF_IN6_4,SMURF_AGG6,942,2026-02-04 16:00:00
TXN00280,SMURF_IN6_5,SMURF_AGG6,996,2026-02-04 16:30:00
TXN00281,SMURF_IN6_6,SMURF_AGG6,1018,2026-02-04 17:00:00
TXN00282,SMURF_IN6_7,SMURF_AGG6,909,2026-02-04 17:30:00
TXN00283,SMURF_IN6_8,SMURF_AGG6,1014,2026-02-04 18:00:00
TXN00284,SMURF_IN6_9,SMURF_AGG6,1017,2026-02-04 18:30:00
TXN00285,SMURF_IN6_10,SMURF_AGG6,1099,2026-02-04 19:00:00
TXN00286,SMURF_IN6_11,SMURF_AGG6,1015,2026-02-04 19:30:00
TXN00287,SMURF_IN6_12,SMURF_AGG6,1015,2026-02-04 20:00:00
TXN00288,SMURF_AGG6,SMURF_OUT6,10000,2026-02-05 00:00:00
TXN00289,SMURF_IN7_1,SMURF_AGG7,1093,2026-02-04 19:30:00
TXN00290,SMURF_IN7_2,SMURF_AGG7,944,2026-02-04 20:00:00
TXN00291,SMURF_IN7_3,SMURF_AGG7,972,2026-02-04 20:30:00
TXN00292,SMURF_IN7_4,SMURF_AGG7,1003,2026-02-04 21:00:00
TXN00293,SMURF_IN7_5,SMURF_AGG7,920,2026-02-04 21:30:00
TXN00294,SMURF_IN7_6,SMURF_AGG7,931,2026-02-04 22:00:00
TXN00295,SMURF_IN7_7,SMURF_AGG7,928,2026-02-04 22:30:00
TXN00296,SMURF_IN7_8,SMURF_AGG7,962,2026-02-04 23:00:00
TXN00297,SMURF_IN7_9,SMURF_AGG7,1092,2026-02-04 23:30:00
TXN00298,SMURF_IN7_10,SMURF_AGG7,942,2026-02-05 00:00:00
TXN00299,SMURF_IN7_11,SMURF_AGG7,1034,2026-02-05 00:30:00
TXN00300,SMURF_IN7_12,SMURF_AGG7,975,2026-02-05 01:00:00
TXN00301,SMURF_AGG7,SMURF_OUT7,10000,2026-02-05 05:00:00
TXN00302,SMURF_IN8_1,SMURF_AGG8,965,2026-02-05 00:30:00
TXN00303,SMURF_IN8_2,SMURF_AGG8,1042,2026-02-05 01:00:00
TXN00304,SMURF_IN8_3,SMURF_AGG8,1051,2026-02-05 01:30:00
TXN00305,SMURF_IN8_4,SMURF_AGG8,1038,2026-02-05 02:00:00
TXN00306,SMURF_IN8_5,SMURF_AGG8,953,2026-02-05 02:30:00
TXN00307,SMURF_IN8_6,SMURF_AGG8,1038,2026-02-05 03:00:00
TXN00308,SMURF_IN8_7,SMURF_AGG8,1095,2026-02-05 03:30:00
TXN00309,SMURF_IN8_8,SMURF_AGG8,1036,2026-02-05 04:00:00
TXN00310,SMURF_IN8_9,SMURF_AGG8,1021,2026-02-05 04:30:00
TXN00311,SMURF_IN8_10,SMURF_AGG8,940,2026-02-05 05:00:00
TXN00312,SMURF_IN8_11,SMURF_AGG8,903,2026-02-05 05:30:00
TXN00313,SMURF_IN8_12,SMURF_AGG8,977,2026-02-05 06:00:00
TXN00314,SMURF_AGG8,SMURF_OUT8,10000,2026-02-05 10:00:00
TXN00315,SMURF_IN9_1,SMURF_AGG9,1003,2026-02-05 05:30:00
TXN00316,SMURF_IN9_2,SMURF_AGG9,1047,2026-02-05 06:00:00
TXN00317,SMURF_IN9_3,SMURF_AGG9,962,2026-02-05 06:30:00
TXN00318,SMURF_IN9_4,SMURF_AGG9,976,2026-02-05 07:00:00
TXN00319,SMURF_IN9_5,SMURF_AGG9,949,2026-02-05 07:30:00
TXN00320,SMURF_IN9_6,SMURF_AGG9,900,2026-02-05 08:00:00
TXN00321,SMURF_IN9_7,SMURF_AGG9,1040,2026-02-05 08:30:00
TXN00322,SMURF_IN9_8,SMURF_AGG9,1043,2026-02-05 09:00:00
TXN00323,SMURF_IN9_9,SMURF_AGG9,1075,2026-02-05 09:30:00
TXN00324,SMURF_IN9_10,SMURF_AGG9,923,2026-02-05 10:00:00
TXN00325,SMURF_IN9_11,SMURF_AGG9,1015,2026-02-05 10:30:00
TXN00326,SMURF_IN9_12,SMURF_AGG9,955,2026-02-05 11:00:00
TXN00327,SMURF_AGG9,SMURF_OUT9,10000,2026-02-05 15:00:00
TXN00328,SMURF_IN10_1,SMURF_AGG10,955,2026-02-05 10:30:00
TXN00329,SMURF_IN10_2,SMURF_AGG10,1092,2026-02-05 11:00:00
TXN00330,SMURF_IN10_3,SMURF_AGG10,1014,2026-02-05 11:30:00
TXN00331,SMURF_IN10_4,SMURF_AGG10,1056,2026-02-05 12:00:00
TXN00332,SMURF_IN10_5,SMURF_AGG10,941,2026-02-05 12:30:00
TXN00333,SMURF_IN10_6,SMURF_AGG10,1032,2026-02-05 13:00:00
TXN00334,SMURF_IN10_7,SMURF_AGG10,944,2026-02-05 13:30:00
TXN00335,SMURF_IN10_8,SMURF_AGG10,979,2026-02-05 14:00:00
TXN00336,SMURF_IN10_9,SMURF_AGG10,1038,2026-02-05 14:30:00
TXN00337,SMURF_IN10_10,SMURF_AGG10,1080,2026-02-05 15:00:00
TXN00338,SMURF_IN10_11,SMURF_AGG10,1017,2026-02-05 15:30:00
TXN00339,SMURF_IN10_12,SMURF_AGG10,969,2026-02-05 16:00:00
TXN00340,SMURF_AGG10,SMURF_OUT10,10000,2026-02-05 20:00:00
TXN00341,SHELL_SRC1,SHELL_M1_1,5000,2026-02-12 12:00:00
TXN00342,SHELL_M1_1,SHELL_M2_1,4900,2026-02-12 14:00:00
TXN00343,SHELL_M2_1,SHELL_M3_1,4800,2026-02-12 16:00:00
TXN00344,SHELL_M3_1,SHELL_DST1,4700,2026-02-12 18:00:00
TXN00345,SHELL_SRC2,SHELL_M1_2,5000,2026-02-13 08:00:00
TXN00346,SHELL_M1_2,SHELL_M2_2,4900,2026-02-13 10:00:00
TXN00347,SHELL_M2_2,SHELL_M3_2,4800,2026-02-13 12:00:00
TXN00348,SHELL_M3_2,SHELL_DST2,4700,2026-02-13 14:00:00
TXN00349,SHELL_SRC3,SHELL_M1_3,5000,2026-02-14 04:00:00
TXN00350,SHELL_M1_3,SHELL_M2_3,4900,2026-02-14 06:00:00
TXN00351,SHELL_M2_3,SHELL_M3_3,4800,2026-02-14 08:00:00
TXN00352,SHELL_M3_3,SHELL_DST3,4700,2026-02-14 10:00:00
TXN00353,SHELL_SRC4,SHELL_M1_4,5000,2026-02-15 00:00:00
TXN00354,SHELL_M1_4,SHELL_M2_4,4900,2026-02-15 02:00:00
TXN00355,SHELL_M2_4,SHELL_M3_4,4800,2026-02-15 04:00:00
TXN00356,SHELL_M3_4,SHELL_DST4,4700,2026-02-15 06:00:00
TXN00357,SHELL_SRC5,SHELL_M1_5,5000,2026-02-15 20:00:00
TXN00358,SHELL_M1_5,SHELL_M2_5,4900,2026-02-15 22:00:00
TXN00359,SHELL_M2_5,SHELL_M3_5,4800,2026-02-16 00:00:00
TXN00360,SHELL_M3_5,SHELL_DST5,4700,2026-02-16 02:00:00
TXN00361,SHELL_SRC6,SHELL_M1_6,5000,2026-02-16 16:00:00
TXN00362,SHELL_M1_6,SHELL_M2_6,4900,2026-02-16 18:00:00
TXN00363,SHELL_M2_6,SHELL_M3_6,4800,2026-02-16 20:00:00
TXN00364,SHELL_M3_6,SHELL_DST6,4700,2026-02-16 22:00:00
TXN00365,SHELL_SRC7,SHELL_M1_7,5000,2026-02-17 12:00:00
TXN00366,SHELL_M1_7,SHELL_M2_7,4900,2026-02-17 14:00:00
TXN00367,SHELL_M2_7,SHELL_M3_7,4800,2026-02-17 16:00:00
TXN00368,SHELL_M3_7,SHELL_DST7,4700,2026-02-17 18:00:00
TXN00369,SHELL_SRC8,SHELL_M1_8,5000,2026-02-18 08:00:00
TXN00370,SHELL_M1_8,SHELL_M2_8,4900,2026-02-18 10:00:00
TXN00371,SHELL_M2_8,SHELL_M3_8,4800,2026-02-18 12:00:00
TXN00372,SHELL_M3_8,SHELL_DST8,4700,2026-02-18 14:00:00
TXN00373,SHELL_SRC9,SHELL_M1_9,5000,2026-02-19 04:00:00
TXN00374,SHELL_M1_9,SHELL_M2_9,4900,2026-02-19 06:00:00
TXN00375,SHELL_M2_9,SHELL_M3_9,4800,2026-02-19 08:00:00
TXN00376,SHELL_M3_9,SHELL_DST9,4700,2026-02-19 10:00:00
TXN00377,SHELL_SRC10,SHELL_M1_10,5000,2026-02-20 00:00:00
TXN00378,SHELL_M1_10,SHELL_M2_10,4900,2026-02-20 02:00:00
TXN00379,SHELL_M2_10,SHELL_M3_10,4800,2026-02-20 04:00:00
TXN00380,SHELL_M3_10,SHELL_DST10,4700,2026-02-20 06:00:00
TXN00381,MERCHANT_AMAZON,CUST_1,51,2026-02-20 00:15:00
TXN00382,MERCHANT_AMAZON,CUST_2,166,2026-02-20 00:30:00
TXN00383,MERCHANT_AMAZON,CUST_3,219,2026-02-20 00:45:00
TXN00384,MERCHANT_AMAZON,CUST_4,133,2026-02-20 01:00:00
TXN00385,MERCHANT_AMAZON,CUST_5,221,2026-02-20 01:15:00
TXN00386,MERCHANT_AMAZON,CUST_6,228,2026-02-20 01:30:00
TXN00387,MERCHANT_AMAZON,CUST_7,150,2026-02-20 01:45:00
TXN00388,MERCHANT_AMAZON,CUST_8,52,2026-02-20 02:00:00
TXN00389,MERCHANT_AMAZON,CUST_9,155,2026-02-20 02:15:00
TXN00390,MERCHANT_AMAZON,CUST_10,225,2026-02-20 02:30:00
TXN00391,MERCHANT_AMAZON,CUST_11,165,2026-02-20 02:45:00
TXN00392,MERCHANT_AMAZON,CUST_12,226,2026-02-20 03:00:00
TXN00393,MERCHANT_AMAZON,CUST_13,137,2026-02-20 03:15:00
TXN00394,MERCHANT_AMAZON,CUST_14,243,2026-02-20 03:30:00
TXN00395,MERCHANT_AMAZON,CUST_15,94,2026-02-20 03:45:00
TXN00396,MERCHANT_AMAZON,CUST_16,221,2026-02-20 04:00:00
TXN00397,MERCHANT_AMAZON,CUST_17,180,2026-02-20 04:15:00
TXN00398,MERCHANT_AMAZON,CUST_18,192,2026-02-20 04:30:00
TXN00399,MERCHANT_AMAZON,CUST_19,172,2026-02-20 04:45:00
TXN00400,MERCHANT_AMAZON,CUST_20,101,2026-02-20 05:00:00
TXN00401,MERCHANT_AMAZON,CUST_21,130,2026-02-20 05:15:00
TXN00402,MERCHANT_AMAZON,CUST_22,62,2026-02-20 05:30:00
TXN00403,MERCHANT_AMAZON,CUST_23,83,2026-02-20 05:45:00
TXN00404,MERCHANT_AMAZON,CUST_24,64,2026-02-20 06:00:00
TXN00405,MERCHANT_AMAZON,CUST_25,184,2026-02-20 06:15:00
TXN00406,MERCHANT_AMAZON,CUST_26,202,2026-02-20 06:30:00
TXN00407,MERCHANT_AMAZON,CUST_27,125,2026-02-20 06:45:00
TXN00408,MERCHANT_AMAZON,CUST_28,50,2026-02-20 07:00:00
TXN00409,MERCHANT_AMAZON,CUST_29,112,2026-02-20 07:15:00
TXN00410,MERCHANT_AMAZON,CUST_30,236,2026-02-20 07:30:00
TXN00411,MERCHANT_AMAZON,CUST_31,246,2026-02-20 07:45:00
TXN00412,MERCHANT_AMAZON,CUST_32,216,2026-02-20 08:00:00
TXN00413,MERCHANT_AMAZON,CUST_33,132,2026-02-20 08:15:00
TXN00414,MERCHANT_AMAZON,CUST_34,92,2026-02-20 08:30:00
TXN00415,MERCHANT_AMAZON,CUST_35,93,2026-02-20 08:45:00
TXN00416,MERCHANT_AMAZON,CUST_36,155,2026-02-20 09:00:00
TXN00417,MERCHANT_AMAZON,CUST_37,115,2026-02-20 09:15:00
TXN00418,MERCHANT_AMAZON,CUST_38,62,2026-02-20 09:30:00
TXN00419,MERCHANT_AMAZON,CUST_39,244,2026-02-20 09:45:00
TXN00420,MERCHANT_AMAZON,CUST_40,60,2026-02-20 10:00:00
TXN00421,MERCHANT_AMAZON,CUST_41,154,2026-02-20 10:15:00
TXN00422,MERCHANT_AMAZON,CUST_42,163,2026-02-20 10:30:00
TXN00423,MERCHANT_AMAZON,CUST_43,145,2026-02-20 10:45:00
TXN00424,MERCHANT_AMAZON,CUST_44,58,2026-02-20 11:00:00
TXN00425,MERCHANT_AMAZON,CUST_45,94,2026-02-20 11:15:00
TXN00426,MERCHANT_AMAZON,CUST_46,94,2026-02-20 11:30:00
TXN00427,MERCHANT_AMAZON,CUST_47,100,2026-02-20 11:45:00
TXN00428,MERCHANT_AMAZON,CUST_48,99,2026-02-20 12:00:00
TXN00429,MERCHANT_AMAZON,CUST_49,104,2026-02-20 12:15:00
TXN00430,MERCHANT_AMAZON,CUST_50,159,2026-02-20 12:30:00
TXN00431,MERCHANT_AMAZON,CUST_51,226,2026-02-20 12:45:00
TXN00432,MERCHANT_AMAZON,CUST_52,223,2026-02-20 13:00:00
TXN00433,MERCHANT_AMAZON,CUST_53,141,2026-02-20 13:15:00
TXN00434,MERCHANT_AMAZON,CUST_54,124,2026-02-20 13:30:00
TXN00435,MERCHANT_AMAZON,CUST_55,198,2026-02-20 13:45:00
TXN00436,MERCHANT_AMAZON,CUST_56,128,2026-02-20 14:00:00
TXN00437,MERCHANT_AMAZON,CUST_57,154,2026-02-20 14:15:00
TXN00438,MERCHANT_AMAZON,CUST_58,207,2026-02-20 14:30:00
TXN00439,MERCHANT_AMAZON,CUST_59,180,2026-02-20 14:45:00
TXN00440,MERCHANT_AMAZON,CUST_60,185,2026-02-20 15:00:00
TXN00441,MERCHANT_AMAZON,CUST_61,215,2026-02-20 15:15:00
TXN00442,MERCHANT_AMAZON,CUST_62,191,2026-02-20 15:30:00
TXN00443,MERCHANT_AMAZON,CUST_63,152,2026-02-20 15:45:00
TXN00444,MERCHANT_AMAZON,CUST_64,229,2026-02-20 16:00:00
TXN00445,MERCHANT_AMAZON,CUST_65,206,2026-02-20 16:15:00
TXN00446,MERCHANT_AMAZON,CUST_66,121,2026-02-20 16:30:00
TXN00447,MERCHANT_AMAZON,CUST_67,141,2026-02-20 16:45:00
TXN00448,MERCHANT_AMAZON,CUST_68,162,2026-02-20 17:00:00
TXN00449,MERCHANT_AMAZON,CUST_69,107,2026-02-20 17:15:00
TXN00450,MERCHANT_AMAZON,CUST_70,74,2026-02-20 17:30:00
TXN00451,MERCHANT_AMAZON,CUST_71,79,2026-02-20 17:45:00
TXN00452,MERCHANT_AMAZON,CUST_72,98,2026-02-20 18:00:00
TXN00453,MERCHANT_AMAZON,CUST_73,145,2026-02-20 18:15:00
TXN00454,MERCHANT_AMAZON,CUST_74,88,2026-02-20 18:30:00
TXN00455,MERCHANT_AMAZON,CUST_75,138,2026-02-20 18:45:00
TXN00456,MERCHANT_AMAZON,CUST_76,128,2026-02-20 19:00:00
TXN00457,MERCHANT_AMAZON,CUST_77,134,2026-02-20 19:15:00
TXN00458,MERCHANT_AMAZON,CUST_78,228,2026-02-20 19:30:00
TXN00459,MERCHANT_AMAZON,CUST_79,60,2026-02-20 19:45:00
TXN00460,MERCHANT_AMAZON,CUST_80,88,2026-02-20 20:00:00
TXN00461,PAYROLL_CORP,EMP_1,48257,2026-02-28 08:00:00
TXN00462,PAYROLL_CORP,EMP_2,54639,2026-02-28 08:00:00
TXN00463,PAYROLL_CORP,EMP_3,48609,2026-02-28 08:00:00
TXN00464,PAYROLL_CORP,EMP_4,52317,2026-02-28 08:00:00
TXN00465,PAYROLL_CORP,EMP_5,54599,2026-02-28 08:00:00
TXN00466,PAYROLL_CORP,EMP_6,54634,2026-02-28 08:00:00
TXN00467,PAYROLL_CORP,EMP_7,53531,2026-02-28 08:00:00
TXN00468,PAYROLL_CORP,EMP_8,51010,2026-02-28 08:00:00
TXN00469,PAYROLL_CORP,EMP_9,48927,2026-02-28 08:00:00
TXN00470,PAYROLL_CORP,EMP_10,54795,2026-02-28 08:00:00
TXN00471,PAYROLL_CORP,EMP_11,46002,2026-02-28 08:00:00
TXN00472,PAYROLL_CORP,EMP_12,47172,2026-02-28 08:00:00
TXN00473,PAYROLL_CORP,EMP_13,45446,2026-02-28 08:00:00
TXN00474,PAYROLL_CORP,EMP_14,49594,2026-02-28 08:00:00
TXN00475,PAYROLL_CORP,EMP_15,54694,2026-02-28 08:00:00
TXN00476,PAYROLL_CORP,EMP_16,50348,2026-02-28 08:00:00
TXN00477,PAYROLL_CORP,EMP_17,45177,2026-02-28 08:00:00
TXN00478,PAYROLL_CORP,EMP_18,50533,2026-02-28 08:00:00
TXN00479,PAYROLL_CORP,EMP_19,47314,2026-02-28 08:00:00
TXN00480,PAYROLL_CORP,EMP_20,49432,2026-02-28 08:00:00
TXN00481,PAYROLL_CORP,EMP_21,46229,2026-02-28 08:00:00
TXN00482,PAYROLL_CORP,EMP_22,50653,2026-02-28 08:00:00
TXN00483,PAYROLL_CORP,EMP_23,54629,2026-02-28 08:00:00
TXN00484,PAYROLL_CORP,EMP_24,45310,2026-02-28 08:00:00
TXN00485,PAYROLL_CORP,EMP_25,51815,2026-02-28 08:00:00
TXN00486,PAYROLL_CORP,EMP_26,45182,2026-02-28 08:00:00
TXN00487,PAYROLL_CORP,EMP_27,47105,2026-02-28 08:00:00
TXN00488,PAYROLL_CORP,EMP_28,45526,2026-02-28 08:00:00
TXN00489,PAYROLL_CORP,EMP_29,48611,2026-02-28 08:00:00
TXN00490,PAYROLL_CORP,EMP_30,49600,2026-02-28 08:00:00
TXN00491,PAYROLL_CORP,EMP_31,47617,2026-02-28 08:00:00
TXN00492,PAYROLL_CORP,EMP_32,47332,2026-02-28 08:00:00
TXN00493,PAYROLL_CORP,EMP_33,51541,2026-02-28 08:00:00
TXN00494,PAYROLL_CORP,EMP_34,49833,2026-02-28 08:00:00
TXN00495,PAYROLL_CORP,EMP_35,47553,2026-02-28 08:00:00
TXN00496,PAYROLL_CORP,EMP_36,50812,2026-02-28 08:00:00
TXN00497,PAYROLL_CORP,EMP_37,53222,2026-02-28 08:00:00
TXN00498,PAYROLL_CORP,EMP_38,50204,2026-02-28 08:00:00
TXN00499,PAYROLL_CORP,EMP_39,52513,2026-02-28 08:00:00
TXN00500,PAYROLL_CORP,EMP_40,52839,2026-02-28 08:00:00
TXN00501,PAYROLL_CORP,EMP_41,45290,2026-02-28 08:00:00
TXN00502,PAYROLL_CORP,EMP_42,54395,2026-02-28 08:00:00
TXN00503,PAYROLL_CORP,EMP_43,47629,2026-02-28 08:00:00
TXN00504,PAYROLL_CORP,EMP_44,52167,2026-02-28 08:00:00
TXN00505,PAYROLL_CORP,EMP_45,49988,2026-02-28 08:00:00
TXN00506,PAYROLL_CORP,EMP_46,49353,2026-02-28 08:00:00
TXN00507,PAYROLL_CORP,EMP_47,54476,2026-02-28 08:00:00
TXN00508,PAYROLL_CORP,EMP_48,50177,2026-02-28 08:00:00
TXN00509,PAYROLL_CORP,EMP_49,53638,2026-02-28 08:00:00
TXN00510,PAYROLL_CORP,EMP_50,54150,2026-02-28 08:00:00
TXN00511,BANK_CENTRAL,ACC_LOAN_1,100000,2026-03-04 12:06:00
TXN00512,BANK_CENTRAL,ACC_LOAN_2,100000,2026-03-04 12:12:00
TXN00513,BANK_CENTRAL,ACC_LOAN_3,100000,2026-03-04 12:18:00
TXN00514,BANK_CENTRAL,ACC_LOAN_4,100000,2026-03-04 12:24:00
TXN00515,BANK_CENTRAL,ACC_LOAN_5,100000,2026-03-04 12:30:00
TXN00516,BANK_CENTRAL,ACC_LOAN_6,100000,2026-03-04 12:36:00
TXN00517,BANK_CENTRAL,ACC_LOAN_7,100000,2026-03-04 12:42:00
TXN00518,BANK_CENTRAL,ACC_LOAN_8,100000,2026-03-04 12:48:00
TXN00519,BANK_CENTRAL,ACC_LOAN_9,100000,2026-03-04 12:54:00
TXN00520,BANK_CENTRAL,ACC_LOAN_10,100000,2026-03-04 13:00:00
TXN00521,BANK_CENTRAL,ACC_LOAN_11,100000,2026-03-04 13:06:00
TXN00522,BANK_CENTRAL,ACC_LOAN_12,100000,2026-03-04 13:12:00
TXN00523,BANK_CENTRAL,ACC_LOAN_13,100000,2026-03-04 13:18:00
TXN00524,BANK_CENTRAL,ACC_LOAN_14,100000,2026-03-04 13:24:00
TXN00525,BANK_CENTRAL,ACC_LOAN_15,100000,2026-03-04 13:30:00
TXN00526,BANK_CENTRAL,ACC_LOAN_16,100000,2026-03-04 13:36:00
TXN00527,BANK_CENTRAL,ACC_LOAN_17,100000,2026-03-04 13:42:00
TXN00528,BANK_CENTRAL,ACC_LOAN_18,100000,2026-03-04 13:48:00
TXN00529,BANK_CENTRAL,ACC_LOAN_19,100000,2026-03-04 13:54:00
TXN00530,BANK_CENTRAL,ACC_LOAN_20,100000,2026-03-04 14:00:00
TXN00531,BANK_CENTRAL,ACC_LOAN_21,100000,2026-03-04 14:06:00
TXN00532,BANK_CENTRAL,ACC_LOAN_22,100000,2026-03-04 14:12:00
TXN00533,BANK_CENTRAL,ACC_LOAN_23,100000,2026-03-04 14:18:00
TXN00534,BANK_CENTRAL,ACC_LOAN_24,100000,2026-03-04 14:24:00
TXN00535,BANK_CENTRAL,ACC_LOAN_25,100000,2026-03-04 14:30:00
TXN00536,BANK_CENTRAL,ACC_LOAN_26,100000,2026-03-04 14:36:00
TXN00537,BANK_CENTRAL,ACC_LOAN_27,100000,2026-03-04 14:42:00
TXN00538,BANK_CENTRAL,ACC_LOAN_28,100000,2026-03-04 14:48:00
TXN00539,BANK_CENTRAL,ACC_LOAN_29,100000,2026-03-04 14:54:00
TXN00540,BANK_CENTRAL,ACC_LOAN_30,100000,2026-03-04 15:00:00
TXN00541,OVERLAP_A,OVERLAP_B,1000,2026-03-08 16:00:00
TXN00542,OVERLAP_B,OVERLAP_C,900,2026-03-08 17:00:00
TXN00543,OVERLAP_C,OVERLAP_A,800,2026-03-08 18:00:00
TXN00544,OVERLAP_A,OVERLAP_C,700,2026-03-08 19:00:00
TXN00545,OVERLAP_C,OVERLAP_B,600,2026-03-08 20:00:00
TXN00546,OVERLAP_B,OVERLAP_A,500,2026-03-08 21:00:00
TXN00547,MERCHANT_LOCAL,FRAUD_A1,100,2026-03-12 20:00:00
TXN00548,MERCHANT_LOCAL,FRAUD_B1,120,2026-03-12 21:00:00
TXN00549,MERCHANT_LOCAL,FRAUD_C1,110,2026-03-12 22:00:00
TXN00550,MERCHANT_LOCAL,LOCAL_CUST_1,85,2026-03-12 23:06:00
TXN00551,MERCHANT_LOCAL,LOCAL_CUST_2,90,2026-03-12 23:12:00
TXN00552,MERCHANT_LOCAL,LOCAL_CUST_3,95,2026-03-12 23:18:00
TXN00553,MERCHANT_LOCAL,LOCAL_CUST_4,100,2026-03-12 23:24:00
TXN00554,MERCHANT_LOCAL,LOCAL_CUST_5,105,2026-03-12 23:30:00
TXN00555,MERCHANT_LOCAL,LOCAL_CUST_6,110,2026-03-12 23:36:00
TXN00556,MERCHANT_LOCAL,LOCAL_CUST_7,115,2026-03-12 23:42:00
TXN00557,MERCHANT_LOCAL,LOCAL_CUST_8,120,2026-03-12 23:48:00
TXN00558,MERCHANT_LOCAL,LOCAL_CUST_9,125,2026-03-12 23:54:00
TXN00559,MERCHANT_LOCAL,LOCAL_CUST_10,130,2026-03-13 00:00:00
TXN00560,MERCHANT_LOCAL,LOCAL_CUST_11,135,2026-03-13 00:06:00
TXN00561,MERCHANT_LOCAL,LOCAL_CUST_12,140,2026-03-13 00:12:00
TXN00562,MERCHANT_LOCAL,LOCAL_CUST_13,145,2026-03-13 00:18:00
TXN00563,MERCHANT_LOCAL,LOCAL_CUST_14,150,2026-03-13 00:24:00
TXN00564,MERCHANT_LOCAL,LOCAL_CUST_15,155,2026-03-13 00:30:00
TXN00565,SELF_LOOP,SELF_LOOP,9999,2026-03-17 00:00:00
TXN00566,FAKE_PAYROLL,FP_RECV_1,4000,2026-03-21 05:00:00
TXN00567,FAKE_PAYROLL,FP_RECV_2,7000,2026-03-21 06:00:00
TXN00568,FAKE_PAYROLL,FP_RECV_3,10000,2026-03-21 07:00:00
TXN00569,FAKE_PAYROLL,FP_RECV_4,13000,2026-03-21 08:00:00
TXN00570,FAKE_PAYROLL,FP_RECV_5,16000,2026-03-21 09:00:00
TXN00571,FAKE_PAYROLL,FP_RECV_6,19000,2026-03-21 10:00:00
TXN00572,FAKE_PAYROLL,FP_RECV_7,22000,2026-03-21 11:00:00
TXN00573,FAKE_PAYROLL,FP_RECV_8,25000,2026-03-21 12:00:00
TXN00574,FAKE_PAYROLL,FP_RECV_9,28000,2026-03-21 13:00:00
TXN00575,FAKE_PAYROLL,FP_RECV_10,31000,2026-03-21 14:00:00
TXN00576,FAKE_PAYROLL,FP_RECV_11,34000,2026-03-21 15:00:00
TXN00577,FAKE_PAYROLL,FP_RECV_12,37000,2026-03-21 16:00:00
TXN00578,FAKE_PAYROLL,FP_RECV_13,40000,2026-03-21 17:00:00
TXN00579,FAKE_PAYROLL,FP_RECV_14,43000,2026-03-21 18:00:00
TXN00580,FAKE_PAYROLL,FP_RECV_15,46000,2026-03-21 19:00:00
TXN00581,NORMAL_123,NORMAL_5,558,2026-02-26 21:00:00
TXN00582,NORMAL_4,NORMAL_119,841,2026-03-18 05:00:00
TXN00583,NORMAL_111,NORMAL_12,156,2026-03-25 03:00:00
TXN00584,NORMAL_84,NORMAL_48,1566,2026-02-23 05:00:00
TXN00585,NORMAL_80,NORMAL_143,3157,2026-01-07 23:00:00
TXN00586,NORMAL_197,NORMAL_100,2385,2026-01-29 15:00:00
TXN00587,NORMAL_85,NORMAL_144,1004,2026-02-25 08:00:00
TXN00588,NORMAL_69,NORMAL_5,2598,2026-03-18 15:00:00
TXN00589,NORMAL_182,NORMAL_180,2884,2026-02-08 10:00:00
TXN00590,NORMAL_3,NORMAL_145,1285,2026-01-21 20:00:00
TXN00591,NORMAL_20,NORMAL_28,401,2026-02-07 04:00:00
TXN00592,NORMAL_44,NORMAL_53,3738,2026-03-15 17:00:00
TXN00593,NORMAL_190,NORMAL_3,1852,2026-01-12 17:00:00
TXN00594,NORMAL_34,NORMAL_13,3049,2026-01-17 16:00:00
TXN00595,NORMAL_143,NORMAL_110,1609,2026-01-19 12:00:00
TXN00596,NORMAL_173,NORMAL_24,5086,2026-03-06 12:00:00
TXN00597,NORMAL_125,NORMAL_110,3651,2026-02-19 12:00:00
TXN00598,NORMAL_23,NORMAL_24,1668,2026-03-02 14:00:00
TXN00599,NORMAL_5,NORMAL_99,4055,2026-02-15 10:00:00
TXN00600,NORMAL_147,NORMAL_50,1495,2026-03-08 17:00:00
TXN00601,NORMAL_125,NORMAL_68,3450,2026-01-29 01:00:00
TXN00602,NORMAL_21,NORMAL_72,4717,2026-02-11 17:00:00
TXN00603,NORMAL_168,NORMAL_117,1485,2026-02-17 18:00:00
TXN00604,NORMAL_175,NORMAL_156,877,2026-03-04 15:00:00
TXN00605,NORMAL_131,NORMAL_87,2395,2026-03-04 12:00:00
TXN00606,NORMAL_61,NORMAL_151,1979,2026-01-16 01:00:00
TXN00607,NORMAL_26,NORMAL_54,2765,2026-03-04 12:00:00
TXN00608,NORMAL_99,NORMAL_137,3255,2026-02-20 00:00:00
TXN00609,NORMAL_132,NORMAL_41,1383,2026-01-27 04:00:00
TXN00610,NORMAL_116,NORMAL_61,3856,2026-01-25 18:00:00
TXN00611,NORMAL_84,NORMAL_177,4192,2026-03-21 01:00:00
TXN00612,NORMAL_29,NORMAL_61,712,2026-01-22 10:00:00
TXN00613,NORMAL_96,NORMAL_62,3512,2026-01-12 16:00:00
TXN00614,NORMAL_110,NORMAL_57,4519,2026-01-19 00:00:00
TXN00615,NORMAL_165,NORMAL_10,3525,2026-01-22 05:00:00
TXN00616,NORMAL_171,NORMAL_76,2580,2026-03-12 12:00:00
TXN00617,NORMAL_64,NORMAL_161,2909,2026-03-14 08:00:00
TXN00618,NORMAL_192,NORMAL_145,2472,2026-02-26 18:00:00
TXN00619,NORMAL_76,NORMAL_46,1385,2026-02-27 07:00:00
TXN00620,NORMAL_47,NORMAL_119,4849,2026-01-23 14:00:00
TXN00621,NORMAL_15,NORMAL_156,2424,2026-03-08 13:00:00
TXN00622,NORMAL_183,NORMAL_44,2179,2026-01-18 18:00:00
TXN00623,NORMAL_3,NORMAL_52,1987,2026-02-09 07:00:00
TXN00624,NORMAL_127,NORMAL_50,3224,2026-03-04 11:00:00
TXN00625,NORMAL_60,NORMAL_72,2633,2026-01-26 01:00:00
TXN00626,NORMAL_53,NORMAL_95,3228,2026-02-05 04:00:00
TXN00627,NORMAL_165,NORMAL_134,4290,2026-02-01 10:00:00
TXN00628,NORMAL_180,NORMAL_144,458,2026-03-22 05:00:00
TXN00629,NORMAL_179,NORMAL_17,964,2026-01-06 20:00:00
TXN00630,NORMAL_105,NORMAL_50,4736,2026-03-12 23:00:00
TXN00631,NORMAL_73,NORMAL_53,4542,2026-03-07 09:00:00
TXN00632,NORMAL_81,NORMAL_21,2218,2026-02-15 09:00:00
TXN00633,NORMAL_19,NORMAL_175,1158,2026-02-09 13:00:00
TXN00634,NORMAL_130,NORMAL_154,276,2026-01-22 04:00:00
TXN00635,NORMAL_102,NORMAL_50,4721,2026-01-30 07:00:00
TXN00636,NORMAL_62,NORMAL_98,459,2026-01-17 19:00:00
TXN00637,NORMAL_178,NORMAL_103,3377,2026-01-29 05:00:00
TXN00638,NORMAL_91,NORMAL_114,396,2026-02-12 04:00:00
TXN00639,NORMAL_91,NORMAL_89,4217,2026-03-06 01:00:00
TXN00640,NORMAL_2,NORMAL_5,1263,2026-02-06 06:00:00
TXN00641,NORMAL_108,NORMAL_2,2755,2026-01-31 23:00:00
TXN00642,NORMAL_19,NORMAL_85,1170,2026-01-22 10:00:00
TXN00643,NORMAL_3,NORMAL_186,161,2026-01-03 05:00:00
TXN00644,NORMAL_149,NORMAL_176,4690,2026-02-24 07:00:00
TXN00645,NORMAL_169,NORMAL_103,3910,2026-01-29 23:00:00
TXN00646,NORMAL_67,NORMAL_164,3954,2026-01-07 23:00:00
TXN00647,NORMAL_166,NORMAL_35,2546,2026-01-28 01:00:00
TXN00648,NORMAL_174,NORMAL_198,171,2026-02-19 13:00:00
TXN00649,NORMAL_108,NORMAL_198,761,2026-03-09 11:00:00
TXN00650,NORMAL_63,NORMAL_69,2671,2026-01-07 19:00:00
TXN00651,NORMAL_18,NORMAL_136,4521,2026-02-27 01:00:00
TXN00652,NORMAL_7,NORMAL_158,2305,2026-02-22 21:00:00
TXN00653,NORMAL_141,NORMAL_168,987,2026-03-22 18:00:00
TXN00654,NORMAL_80,NORMAL_152,4380,2026-01-27 07:00:00
TXN00655,NORMAL_125,NORMAL_89,648,2026-03-12 19:00:00
TXN00656,NORMAL_123,NORMAL_167,4713,2026-01-18 15:00:00
TXN00657,NORMAL_78,NORMAL_85,3876,2026-02-06 18:00:00
TXN00658,NORMAL_99,NORMAL_124,1028,2026-02-23 00:00:00
TXN00659,NORMAL_105,NORMAL_182,5080,2026-03-16 10:00:00
TXN00660,NORMAL_37,NORMAL_139,3655,2026-01-23 14:00:00
TXN00661,NORMAL_110,NORMAL_121,4292,2026-03-24 06:00:00
TXN00662,NORMAL_55,NORMAL_64,4600,2026-01-17 15:00:00
TXN00663,NORMAL_102,NORMAL_98,2919,2026-01-03 12:00:00
TXN00664,NORMAL_111,NORMAL_151,2882,2026-02-07 22:00:00
TXN00665,NORMAL_79,NORMAL_70,2708,2026-03-15 14:00:00
TXN00666,NORMAL_75,NORMAL_124,720,2026-02-18 19:00:00
TXN00667,NORMAL_115,NORMAL_171,2953,2026-03-02 07:00:00
TXN00668,NORMAL_129,NORMAL_34,2677,2026-02-01 21:00:00
TXN00669,NORMAL_177,NORMAL_103,3074,2026-01-20 01:00:00
TXN00670,NORMAL_175,NORMAL_89,1066,2026-01-31 04:00:00
TXN00671,NORMAL_64,NORMAL_33,1818,2026-03-24 22:00:00
TXN00672,NORMAL_108,NORMAL_106,2198,2026-01-22 23:00:00
TXN00673,NORMAL_133,NORMAL_137,2040,2026-03-03 23:00:00
TXN00674,NORMAL_85,NORMAL_41,2967,2026-01-29 06:00:00
TXN00675,NORMAL_190,NORMAL_125,4974,2026-01-29 20:00:00
TXN00676,NORMAL_32,NORMAL_102,1596,2026-03-17 11:00:00
TXN00677,NORMAL_31,NORMAL_92,600,2026-02-02 16:00:00
TXN00678,NORMAL_152,NORMAL_98,4704,2026-02-16 21:00:00
TXN00679,NORMAL_23,NORMAL_56,4268,2026-01-27 06:00:00
TXN00680,NORMAL_87,NORMAL_131,805,2026-01-17 15:00:00
TXN00681,NORMAL_25,NORMAL_55,1039,2026-01-07 03:00:00
TXN00682,NORMAL_115,NORMAL_98,3275,2026-02-20 19:00:00
TXN00683,NORMAL_145,NORMAL_59,447,2026-02-18 04:00:00
TXN00684,NORMAL_47,NORMAL_66,2325,2026-02-16 12:00:00
TXN00685,NORMAL_136,NORMAL_135,4596,2026-01-27 23:00:00
TXN00686,NORMAL_33,NORMAL_20,3912,2026-02-13 16:00:00
TXN00687,NORMAL_29,NORMAL_169,1476,2026-01-07 23:00:00
TXN00688,NORMAL_101,NORMAL_52,2683,2026-02-08 18:00:00
TXN00689,NORMAL_186,NORMAL_21,464,2026-03-06 03:00:00
TXN00690,NORMAL_11,NORMAL_100,2119,2026-02-27 15:00:00
TXN00691,NORMAL_58,NORMAL_100,4580,2026-01-07 15:00:00
TXN00692,NORMAL_113,NORMAL_39,1463,2026-02-06 03:00:00
TXN00693,NORMAL_18,NORMAL_124,1696,2026-01-06 18:00:00
TXN00694,NORMAL_191,NORMAL_188,2130,2026-02-02 05:00:00
TXN00695,NORMAL_109,NORMAL_75,4729,2026-02-18 16:00:00
TXN00696,NORMAL_192,NORMAL_69,2630,2026-02-08 11:00:00
TXN00697,NORMAL_18,NORMAL_57,2817,2026-01-22 03:00:00
TXN00698,NORMAL_40,NORMAL_17,2436,2026-03-06 15:00:00
TXN00699,NORMAL_148,NORMAL_3,984,2026-02-10 09:00:00
TXN00700,NORMAL_118,NORMAL_117,1330,2026-02-20 01:00:00
TXN00701,NORMAL_59,NORMAL_152,4070,2026-03-16 21:00:00
TXN00702,NORMAL_122,NORMAL_59,167,2026-03-02 21:00:00
TXN00703,NORMAL_50,NORMAL_156,1881,2026-02-06 04:00:00
TXN00704,NORMAL_163,NORMAL_19,3105,2026-01-28 13:00:00
TXN00705,NORMAL_30,NORMAL_93,4381,2026-03-24 21:00:00
TXN00706,NORMAL_130,NORMAL_84,344,2026-01-07 10:00:00
TXN00707,NORMAL_110,NORMAL_2,4004,2026-03-10 21:00:00
TXN00708,NORMAL_11,NORMAL_4,4665,2026-03-18 21:00:00
TXN00709,NORMAL_180,NORMAL_160,3466,2026-03-10 04:00:00
TXN00710,NORMAL_9,NORMAL_15,2771,2026-02-12 15:00:00
TXN00711,NORMAL_98,NORMAL_9,4836,2026-01-24 10:00:00
TXN00712,NORMAL_161,NORMAL_194,1343,2026-03-20 19:00:00
TXN00713,NORMAL_195,NORMAL_71,1018,2026-02-12 07:00:00
TXN00714,NORMAL_50,NORMAL_66,1164,2026-03-06 05:00:00
TXN00715,NORMAL_44,NORMAL_1,4086,2026-01-11 13:00:00
TXN00716,NORMAL_153,NORMAL_158,1085,2026-01-12 21:00:00
TXN00717,NORMAL_140,NORMAL_100,3726,2026-01-19 16:00:00
TXN00718,NORMAL_108,NORMAL_177,2708,2026-03-05 15:00:00
TXN00719,NORMAL_190,NORMAL_198,1426,2026-02-14 00:00:00
TXN00720,NORMAL_11,NORMAL_91,2250,2026-03-08 17:00:00
TXN00721,NORMAL_91,NORMAL_24,707,2026-02-09 10:00:00
TXN00722,NORMAL_129,NORMAL_12,4315,2026-03-01 22:00:00
TXN00723,NORMAL_65,NORMAL_129,2902,2026-02-08 17:00:00
TXN00724,NORMAL_146,NORMAL_128,4808,2026-02-18 06:00:00
TXN00725,NORMAL_124,NORMAL_76,1149,2026-01-31 13:00:00
TXN00726,NORMAL_180,NORMAL_29,1534,2026-02-10 16:00:00
TXN00727,NORMAL_64,NORMAL_127,3325,2026-03-24 14:00:00
TXN00728,NORMAL_11,NORMAL_100,3238,2026-01-13 15:00:00
TXN00729,NORMAL_20,NORMAL_129,2609,2026-01-27 00:00:00
TXN00730,NORMAL_184,NORMAL_193,4636,2026-02-04 14:00:00
TXN00731,NORMAL_131,NORMAL_120,3890,2026-02-04 07:00:00
TXN00732,NORMAL_14,NORMAL_68,2454,2026-03-04 17:00:00
TXN00733,NORMAL_115,NORMAL_134,1032,2026-02-03 02:00:00
